penalty_id,airline,violation_type,violation_date,penalty_inr_lakh,daily_fine_inr_lakh,compliance_days,status,dgca_order_ref,notes,notes_missing_flag
DGCA-2025-0001,SpiceJet,OPS_IRREGULARITY,2025-12-06,149.33,10.44,7,PAID,ORD/9779/2025,,True
DGCA-2025-0002,IndiGo,SLOT_VIOLATION,2025-12-04,160.39,27.09,45,PENDING,ORD/8234/2025,,True
DGCA-2025-0003,IndiGo,SAFETY_AUDIT,2025-12-02,27.66,29.32,10,WAIVED,ORD/6237/2025,Late filing,False
DGCA-2025-0004,AirIndia,FDTL_BREACH,2025-12-20,174.73,8.96,33,APPEALED,ORD/4498/2025,,True
DGCA-2025-0005,IndiGo,OPS_IRREGULARITY,2025-12-03,97.07,20.32,40,APPEALED,ORD/3604/2025,Route violation,False
DGCA-2025-0006,IndiGo,SLOT_VIOLATION,2025-12-17,196.3,27.54,53,APPEALED,ORD/3071/2025,Late filing,False
DGCA-2025-0007,SpiceJet,SLOT_VIOLATION,2025-12-07,161.68,29.08,65,PENDING,ORD/2687/2025,,True
DGCA-2025-0008,IndiGo,PASSENGER_RIGHTS,2025-12-17,39.39,6.83,11,WAIVED,ORD/8728/2025,,True
DGCA-2025-0009,SpiceJet,FDTL_BREACH,2025-12-06,18.5,9.74,75,WAIVED,ORD/4898/2025,,True
DGCA-2025-0010,IndiGo,OPS_IRREGULARITY,2025-12-08,130.04,14.61,60,WAIVED,ORD/1480/2025,Late filing,False
DGCA-2025-0011,AirIndia,SAFETY_AUDIT,2025-12-13,194.84,17.75,39,PAID,ORD/6600/2025,Route violation,False
DGCA-2025-0012,SpiceJet,PASSENGER_RIGHTS,2025-12-14,80.07,16.41,25,PAID,ORD/5884/2025,,True
DGCA-2025-0013,IndiGo,OPS_IRREGULARITY,2025-12-14,38.67,13.71,68,APPEALED,ORD/4748/2025,,True
DGCA-2025-0014,SpiceJet,SAFETY_AUDIT,2025-12-06,174.18,27.95,85,PAID,ORD/3373/2025,Late filing,False
DGCA-2025-0015,IndiGo,OPS_IRREGULARITY,2025-12-17,101.12,24.15,81,PENDING,ORD/5935/2025,Late filing,False
DGCA-2025-0016,SpiceJet,PASSENGER_RIGHTS,2025-12-03,136.57,3.95,36,APPEALED,ORD/6742/2025,Crew shortage,False
DGCA-2025-0017,SpiceJet,FDTL_BREACH,2025-12-11,50.26,7.24,53,PENDING,ORD/3339/2025,Route violation,False
DGCA-2025-0018,IndiGo,SAFETY_AUDIT,2025-12-10,49.56,8.69,67,WAIVED,ORD/7779/2025,Passenger compensation,False
DGCA-2025-0019,SpiceJet,PASSENGER_RIGHTS,2025-12-02,23.61,4.33,69,APPEALED,ORD/8834/2025,Crew shortage,False
DGCA-2025-0020,SpiceJet,FDTL_BREACH,2025-12-12,75.44,8.02,5,WAIVED,ORD/2273/2025,Crew shortage,False
DGCA-2025-0021,IndiGo,SAFETY_AUDIT,2025-12-08,86.49,3.55,80,APPEALED,ORD/5843/2025,,True
DGCA-2025-0022,SpiceJet,SLOT_VIOLATION,2025-12-13,152.1,5.37,11,WAIVED,ORD/5423/2025,Route violation,False
DGCA-2025-0023,IndiGo,SAFETY_AUDIT,2025-12-03,102.46,20.96,41,APPEALED,ORD/2978/2025,Route violation,False
DGCA-2025-0024,IndiGo,OPS_IRREGULARITY,2025-12-08,105.16,16.88,4,APPEALED,ORD/6570/2025,Crew shortage,False
DGCA-2025-0025,IndiGo,OPS_IRREGULARITY,2025-12-10,10.67,19.23,48,WAIVED,ORD/8751/2025,Passenger compensation,False
DGCA-2025-0026,IndiGo,OPS_IRREGULARITY,2025-12-04,167.85,15.75,4,WAIVED,ORD/3972/2025,,True
DGCA-2025-0027,IndiGo,FDTL_BREACH,2025-12-19,48.68,24.16,55,WAIVED,ORD/8620/2025,,True
DGCA-2025-0028,IndiGo,FDTL_BREACH,2025-12-15,111.27,27.91,65,WAIVED,ORD/7001/2025,,True
DGCA-2025-0029,IndiGo,PASSENGER_RIGHTS,2025-12-16,190.83,6.57,40,PENDING,ORD/6861/2025,Late filing,False
DGCA-2025-0030,IndiGo,SAFETY_AUDIT,2025-12-04,177.65,13.54,35,APPEALED,ORD/7751/2025,,True
DGCA-2025-0031,SpiceJet,SLOT_VIOLATION,2025-12-20,82.22,0.53,51,PENDING,ORD/8397/2025,Route violation,False
DGCA-2025-0032,IndiGo,OPS_IRREGULARITY,2025-12-09,53.91,26.58,15,PAID,ORD/4510/2025,,True
DGCA-2025-0033,AirIndia,SAFETY_AUDIT,2025-12-16,9.14,5.96,60,APPEALED,ORD/4417/2025,Route violation,False
DGCA-2025-0034,Vistara,FDTL_BREACH,2025-12-03,15.88,28.78,83,WAIVED,ORD/9395/2025,Late filing,False
DGCA-2025-0035,IndiGo,OPS_IRREGULARITY,2025-12-05,83.8,11.07,87,WAIVED,ORD/7753/2025,Route violation,False
DGCA-2025-0036,SpiceJet,SLOT_VIOLATION,2025-12-07,162.97,21.46,81,PENDING,ORD/8958/2025,Passenger compensation,False
DGCA-2025-0037,IndiGo,OPS_IRREGULARITY,2025-12-19,54.96,3.17,8,WAIVED,ORD/9704/2025,,True
DGCA-2025-0038,SpiceJet,OPS_IRREGULARITY,2025-12-12,41.27,10.64,3,PAID,ORD/2128/2025,Late filing,False
DGCA-2025-0039,SpiceJet,FDTL_BREACH,2025-12-17,112.28,6.55,64,APPEALED,ORD/8332/2025,,True
DGCA-2025-0040,SpiceJet,SAFETY_AUDIT,2025-12-20,113.42,12.49,40,APPEALED,ORD/5958/2025,Crew shortage,False
DGCA-2025-0041,IndiGo,FDTL_BREACH,2025-12-03,72.05,17.05,41,PENDING,ORD/8749/2025,,True
DGCA-2025-0042,IndiGo,OPS_IRREGULARITY,2025-12-18,115.46,20.73,35,WAIVED,ORD/2425/2025,,True
DGCA-2025-0043,Vistara,SLOT_VIOLATION,2025-12-16,161.37,26.44,38,PAID,ORD/5730/2025,Late filing,False
DGCA-2025-0044,SpiceJet,SAFETY_AUDIT,2025-12-06,71.23,11.94,61,PAID,ORD/2165/2025,Late filing,False
DGCA-2025-0045,IndiGo,SAFETY_AUDIT,2025-12-20,153.83,16.44,1,PAID,ORD/5171/2025,,True
DGCA-2025-0046,IndiGo,FDTL_BREACH,2025-12-13,192.69,23.47,8,APPEALED,ORD/1589/2025,Route violation,False
DGCA-2025-0047,SpiceJet,PASSENGER_RIGHTS,2025-12-02,5.52,4.91,1,PAID,ORD/4900/2025,,True
DGCA-2025-0048,SpiceJet,SLOT_VIOLATION,2025-12-01,54.31,15.68,78,APPEALED,ORD/9943/2025,,True
DGCA-2025-0049,SpiceJet,OPS_IRREGULARITY,2025-12-13,39.5,9.88,51,PAID,ORD/4475/2025,Late filing,False
DGCA-2025-0050,IndiGo,SLOT_VIOLATION,2025-12-12,119.51,14.87,73,PAID,ORD/3400/2025,,True
DGCA-2025-0051,SpiceJet,FDTL_BREACH,2025-12-16,93.19,25.88,64,WAIVED,ORD/2907/2025,,True
DGCA-2025-0052,IndiGo,OPS_IRREGULARITY,2025-12-07,141.91,6.36,61,PENDING,ORD/4478/2025,,True
DGCA-2025-0053,IndiGo,OPS_IRREGULARITY,2025-12-11,49.6,9.02,47,PAID,ORD/5144/2025,Route violation,False
DGCA-2025-0054,SpiceJet,SAFETY_AUDIT,2025-12-15,68.56,3.61,40,WAIVED,ORD/2515/2025,Route violation,False
DGCA-2025-0055,IndiGo,FDTL_BREACH,2025-12-16,67.59,15.41,52,WAIVED,ORD/6797/2025,Crew shortage,False
DGCA-2025-0056,SpiceJet,FDTL_BREACH,2025-12-05,21.92,19.09,57,PENDING,ORD/9755/2025,,True
DGCA-2025-0057,SpiceJet,OPS_IRREGULARITY,2025-12-02,104.75,1.83,82,APPEALED,ORD/1651/2025,,True
DGCA-2025-0058,IndiGo,FDTL_BREACH,2025-12-07,104.87,21.41,73,PENDING,ORD/4496/2025,Crew shortage,False
DGCA-2025-0059,Vistara,SLOT_VIOLATION,2025-12-03,85.38,13.72,10,PAID,ORD/8280/2025,,True
DGCA-2025-0060,IndiGo,FDTL_BREACH,2025-12-20,115.46,2.96,44,WAIVED,ORD/4800/2025,,True
DGCA-2025-0061,IndiGo,SLOT_VIOLATION,2025-12-17,42.53,18.78,39,PENDING,ORD/5125/2025,,True
DGCA-2025-0062,IndiGo,SLOT_VIOLATION,2025-12-19,57.54,1.35,7,PAID,ORD/5640/2025,Crew shortage,False
DGCA-2025-0063,Vistara,OPS_IRREGULARITY,2025-12-06,182.03,27.73,21,PENDING,ORD/2021/2025,Crew shortage,False
DGCA-2025-0064,IndiGo,FDTL_BREACH,2025-12-05,113.88,10.09,51,WAIVED,ORD/1835/2025,Route violation,False
DGCA-2025-0065,IndiGo,OPS_IRREGULARITY,2025-12-10,10.58,10.59,14,PENDING,ORD/2036/2025,Route violation,False
DGCA-2025-0066,IndiGo,OPS_IRREGULARITY,2025-12-13,178.29,8.99,3,PENDING,ORD/5684/2025,,True
DGCA-2025-0067,IndiGo,FDTL_BREACH,2025-12-19,146.16,14.17,8,WAIVED,ORD/4700/2025,Route violation,False
DGCA-2025-0068,IndiGo,OPS_IRREGULARITY,2025-12-03,196.78,24.23,71,WAIVED,ORD/1386/2025,,True
DGCA-2025-0069,SpiceJet,SAFETY_AUDIT,2025-12-10,40.35,22.73,20,PAID,ORD/3751/2025,Crew shortage,False
DGCA-2025-0070,IndiGo,FDTL_BREACH,2025-12-16,86.5,2.69,79,PENDING,ORD/8813/2025,,True
DGCA-2025-0071,SpiceJet,OPS_IRREGULARITY,2025-12-17,150.18,20.23,59,WAIVED,ORD/4239/2025,,True
DGCA-2025-0072,IndiGo,OPS_IRREGULARITY,2025-12-08,42.78,12.63,80,PENDING,ORD/9260/2025,,True
DGCA-2025-0073,SpiceJet,PASSENGER_RIGHTS,2025-12-19,76.93,18.99,41,APPEALED,ORD/7229/2025,Late filing,False
DGCA-2025-0074,IndiGo,FDTL_BREACH,2025-12-08,132.5,4.62,63,APPEALED,ORD/4668/2025,,True
DGCA-2025-0075,AirIndia,FDTL_BREACH,2025-12-13,81.7,0.68,78,APPEALED,ORD/7722/2025,Route violation,False
DGCA-2025-0076,IndiGo,OPS_IRREGULARITY,2025-12-04,79.06,3.84,58,PAID,ORD/4814/2025,Late filing,False
DGCA-2025-0077,IndiGo,FDTL_BREACH,2025-12-11,54.6,6.63,16,APPEALED,ORD/9279/2025,,True
DGCA-2025-0078,IndiGo,FDTL_BREACH,2025-12-10,33.22,21.19,17,APPEALED,ORD/4962/2025,,True
DGCA-2025-0079,IndiGo,OPS_IRREGULARITY,2025-12-02,10.56,8.34,23,APPEALED,ORD/3318/2025,,True
DGCA-2025-0080,SpiceJet,SAFETY_AUDIT,2025-12-05,29.43,25.3,23,PENDING,ORD/7342/2025,Crew shortage,False
DGCA-2025-0081,SpiceJet,FDTL_BREACH,2025-12-19,51.28,23.83,26,WAIVED,ORD/1981/2025,,True
DGCA-2025-0082,IndiGo,FDTL_BREACH,2025-12-01,175.01,20.29,3,PAID,ORD/2653/2025,,True
DGCA-2025-0083,Vistara,OPS_IRREGULARITY,2025-12-18,84.93,0.97,63,PENDING,ORD/8025/2025,Late filing,False
DGCA-2025-0084,IndiGo,OPS_IRREGULARITY,2025-12-08,127.17,21.96,37,WAIVED,ORD/3315/2025,Route violation,False
DGCA-2025-0085,IndiGo,SAFETY_AUDIT,2025-12-19,168.97,25.11,9,WAIVED,ORD/3113/2025,Crew shortage,False
DGCA-2025-0086,IndiGo,SLOT_VIOLATION,2025-12-12,14.44,3.55,53,PENDING,ORD/8897/2025,Passenger compensation,False
DGCA-2025-0087,SpiceJet,OPS_IRREGULARITY,2025-12-16,31.36,4.6,47,APPEALED,ORD/5895/2025,Route violation,False
DGCA-2025-0088,IndiGo,OPS_IRREGULARITY,2025-12-08,88.52,1.03,56,PAID,ORD/6261/2025,Passenger compensation,False
DGCA-2025-0089,IndiGo,SLOT_VIOLATION,2025-12-20,79.67,12.39,33,WAIVED,ORD/5512/2025,,True
DGCA-2025-0090,IndiGo,SAFETY_AUDIT,2025-12-03,186.86,2.32,75,APPEALED,ORD/6605/2025,Route violation,False
DGCA-2025-0091,SpiceJet,SLOT_VIOLATION,2025-12-02,191.98,6.26,51,PAID,ORD/2687/2025,,True
DGCA-2025-0092,IndiGo,OPS_IRREGULARITY,2025-12-05,50.0,20.55,59,APPEALED,ORD/3229/2025,,True
DGCA-2025-0093,Vistara,PASSENGER_RIGHTS,2025-12-20,25.08,24.35,29,PAID,ORD/9125/2025,,True
DGCA-2025-0094,IndiGo,PASSENGER_RIGHTS,2025-12-19,5.64,23.74,23,APPEALED,ORD/8741/2025,,True
DGCA-2025-0095,AirIndia,FDTL_BREACH,2025-12-12,107.27,7.73,25,PENDING,ORD/8015/2025,Crew shortage,False
DGCA-2025-0096,SpiceJet,SAFETY_AUDIT,2025-12-20,159.0,13.27,89,APPEALED,ORD/4157/2025,,True
DGCA-2025-0097,IndiGo,SAFETY_AUDIT,2025-12-03,25.36,20.4,57,PENDING,ORD/9902/2025,Route violation,False
DGCA-2025-0098,AirIndia,FDTL_BREACH,2025-12-12,149.62,9.63,52,APPEALED,ORD/3666/2025,Passenger compensation,False
DGCA-2025-0099,SpiceJet,SAFETY_AUDIT,2025-12-06,4.55,13.37,75,APPEALED,ORD/2698/2025,Route violation,False
DGCA-2025-0100,SpiceJet,PASSENGER_RIGHTS,2025-12-09,189.62,22.83,65,PAID,ORD/9974/2025,Route violation,False
DGCA-2025-0101,IndiGo,OPS_IRREGULARITY,2025-12-02,153.9,26.42,62,WAIVED,ORD/4208/2025,,True
DGCA-2025-0102,IndiGo,OPS_IRREGULARITY,2025-12-04,125.92,5.72,81,WAIVED,ORD/1806/2025,Crew shortage,False
DGCA-2025-0103,SpiceJet,SLOT_VIOLATION,2025-12-07,31.07,28.8,48,PAID,ORD/1448/2025,Crew shortage,False
DGCA-2025-0104,SpiceJet,PASSENGER_RIGHTS,2025-12-12,147.66,13.41,28,WAIVED,ORD/1707/2025,Late filing,False
DGCA-2025-0105,IndiGo,PASSENGER_RIGHTS,2025-12-08,118.74,0.55,12,APPEALED,ORD/1823/2025,Late filing,False
DGCA-2025-0106,SpiceJet,OPS_IRREGULARITY,2025-12-06,47.69,15.88,79,PENDING,ORD/8436/2025,Passenger compensation,False
DGCA-2025-0107,AirIndia,PASSENGER_RIGHTS,2025-12-13,6.81,5.02,86,PAID,ORD/5010/2025,,True
DGCA-2025-0108,IndiGo,SLOT_VIOLATION,2025-12-02,44.75,14.65,18,PAID,ORD/5131/2025,,True
DGCA-2025-0109,IndiGo,SLOT_VIOLATION,2025-12-15,155.55,21.72,53,WAIVED,ORD/5391/2025,Route violation,False
DGCA-2025-0110,IndiGo,SLOT_VIOLATION,2025-12-14,126.7,27.95,48,APPEALED,ORD/6746/2025,,True
DGCA-2025-0111,IndiGo,OPS_IRREGULARITY,2025-12-10,172.09,1.69,20,PAID,ORD/6990/2025,Crew shortage,False
DGCA-2025-0112,IndiGo,PASSENGER_RIGHTS,2025-12-14,155.84,16.8,53,WAIVED,ORD/7088/2025,,True
DGCA-2025-0113,AirIndia,SLOT_VIOLATION,2025-12-08,42.56,2.7,68,PAID,ORD/8296/2025,,True
DGCA-2025-0114,AirIndia,FDTL_BREACH,2025-12-17,186.54,21.47,22,PENDING,ORD/8770/2025,Passenger compensation,False
DGCA-2025-0115,IndiGo,PASSENGER_RIGHTS,2025-12-20,24.98,6.46,20,WAIVED,ORD/2009/2025,,True
DGCA-2025-0116,IndiGo,PASSENGER_RIGHTS,2025-12-03,145.52,15.94,83,WAIVED,ORD/3402/2025,Route violation,False
DGCA-2025-0117,IndiGo,SLOT_VIOLATION,2025-12-20,91.16,17.82,53,APPEALED,ORD/6619/2025,,True
DGCA-2025-0118,IndiGo,SLOT_VIOLATION,2025-12-11,86.29,18.73,35,APPEALED,ORD/3179/2025,,True
DGCA-2025-0119,IndiGo,SAFETY_AUDIT,2025-12-10,14.72,8.69,50,PENDING,ORD/7069/2025,Crew shortage,False
DGCA-2025-0120,AirIndia,SLOT_VIOLATION,2025-12-02,26.93,2.24,21,PENDING,ORD/1640/2025,Crew shortage,False
DGCA-2025-0121,IndiGo,FDTL_BREACH,2025-12-13,138.43,6.78,45,WAIVED,ORD/6385/2025,Route violation,False
DGCA-2025-0122,SpiceJet,FDTL_BREACH,2025-12-18,102.65,13.65,34,PENDING,ORD/4367/2025,,True
DGCA-2025-0123,AirIndia,FDTL_BREACH,2025-12-09,16.77,15.86,9,WAIVED,ORD/6498/2025,Passenger compensation,False
DGCA-2025-0124,IndiGo,FDTL_BREACH,2025-12-04,100.38,22.43,38,APPEALED,ORD/6178/2025,Crew shortage,False
DGCA-2025-0125,IndiGo,FDTL_BREACH,2025-12-09,84.32,24.09,53,WAIVED,ORD/8785/2025,,True
DGCA-2025-0126,IndiGo,SAFETY_AUDIT,2025-12-20,4.26,0.84,29,PAID,ORD/8786/2025,Passenger compensation,False
DGCA-2025-0127,AirIndia,SAFETY_AUDIT,2025-12-08,81.33,22.29,84,APPEALED,ORD/9084/2025,Passenger compensation,False
DGCA-2025-0128,AirIndia,SAFETY_AUDIT,2025-12-06,35.04,19.82,2,APPEALED,ORD/4482/2025,Crew shortage,False
DGCA-2025-0129,IndiGo,FDTL_BREACH,2025-12-09,57.99,1.35,20,PAID,ORD/5423/2025,Late filing,False
DGCA-2025-0130,AirIndia,SLOT_VIOLATION,2025-12-18,195.75,20.52,77,APPEALED,ORD/4349/2025,Route violation,False
DGCA-2025-0131,IndiGo,OPS_IRREGULARITY,2025-12-20,83.22,29.08,39,WAIVED,ORD/1425/2025,Late filing,False
DGCA-2025-0132,IndiGo,FDTL_BREACH,2025-12-02,139.65,10.35,45,PAID,ORD/8332/2025,,True
DGCA-2025-0133,SpiceJet,SLOT_VIOLATION,2025-12-11,189.91,6.91,56,PAID,ORD/3194/2025,,True
DGCA-2025-0134,IndiGo,SLOT_VIOLATION,2025-12-13,190.27,18.82,57,APPEALED,ORD/3737/2025,Crew shortage,False
DGCA-2025-0135,IndiGo,SLOT_VIOLATION,2025-12-15,63.77,19.05,11,PENDING,ORD/9054/2025,,True
DGCA-2025-0136,IndiGo,SLOT_VIOLATION,2025-12-06,171.65,15.78,79,APPEALED,ORD/9520/2025,,True
DGCA-2025-0137,AirIndia,FDTL_BREACH,2025-12-12,157.75,27.67,22,PAID,ORD/8764/2025,Passenger compensation,False
DGCA-2025-0138,IndiGo,OPS_IRREGULARITY,2025-12-19,26.06,23.07,66,APPEALED,ORD/3869/2025,Late filing,False
DGCA-2025-0139,IndiGo,SLOT_VIOLATION,2025-12-13,9.01,1.01,31,APPEALED,ORD/7091/2025,Route violation,False
DGCA-2025-0140,IndiGo,PASSENGER_RIGHTS,2025-12-17,93.05,22.54,27,PENDING,ORD/1988/2025,Passenger compensation,False
DGCA-2025-0141,AirIndia,PASSENGER_RIGHTS,2025-12-12,37.15,1.22,75,APPEALED,ORD/1693/2025,,True
DGCA-2025-0142,IndiGo,SLOT_VIOLATION,2025-12-17,153.87,16.22,50,PENDING,ORD/1902/2025,,True
DGCA-2025-0143,IndiGo,PASSENGER_RIGHTS,2025-12-10,133.16,2.63,29,APPEALED,ORD/4095/2025,Route violation,False
DGCA-2025-0144,IndiGo,OPS_IRREGULARITY,2025-12-04,195.29,4.82,39,APPEALED,ORD/2567/2025,,True
DGCA-2025-0145,IndiGo,SLOT_VIOLATION,2025-12-18,60.5,22.62,24,PENDING,ORD/6163/2025,,True
DGCA-2025-0146,IndiGo,SLOT_VIOLATION,2025-12-10,26.4,21.34,43,PAID,ORD/6679/2025,Late filing,False
DGCA-2025-0147,IndiGo,OPS_IRREGULARITY,2025-12-07,74.94,18.62,27,PAID,ORD/2760/2025,Crew shortage,False
DGCA-2025-0148,IndiGo,SLOT_VIOLATION,2025-12-09,99.19,20.19,72,PENDING,ORD/3645/2025,Passenger compensation,False
DGCA-2025-0149,IndiGo,SLOT_VIOLATION,2025-12-12,144.26,3.6,60,PENDING,ORD/1304/2025,,True
DGCA-2025-0150,IndiGo,SLOT_VIOLATION,2025-12-12,21.81,11.93,25,PENDING,ORD/7947/2025,Passenger compensation,False
DGCA-2025-0151,Vistara,FDTL_BREACH,2025-12-16,51.82,15.19,30,PAID,ORD/2008/2025,Route violation,False
DGCA-2025-0152,Vistara,FDTL_BREACH,2025-12-05,127.35,18.91,66,WAIVED,ORD/4571/2025,Passenger compensation,False
DGCA-2025-0153,AirIndia,PASSENGER_RIGHTS,2025-12-02,34.36,22.11,69,PENDING,ORD/8371/2025,Late filing,False
DGCA-2025-0154,IndiGo,PASSENGER_RIGHTS,2025-12-15,163.83,23.26,74,PENDING,ORD/9572/2025,,True
DGCA-2025-0155,Vistara,OPS_IRREGULARITY,2025-12-08,170.06,11.88,39,APPEALED,ORD/5448/2025,Crew shortage,False
DGCA-2025-0156,SpiceJet,SLOT_VIOLATION,2025-12-13,14.77,20.86,89,APPEALED,ORD/4455/2025,Crew shortage,False
DGCA-2025-0157,AirIndia,SLOT_VIOLATION,2025-12-10,157.69,13.24,22,WAIVED,ORD/2465/2025,,True
DGCA-2025-0158,IndiGo,SLOT_VIOLATION,2025-12-16,79.87,11.16,51,APPEALED,ORD/5991/2025,,True
DGCA-2025-0159,IndiGo,SLOT_VIOLATION,2025-12-10,198.31,18.47,89,APPEALED,ORD/5406/2025,Late filing,False
DGCA-2025-0160,IndiGo,SAFETY_AUDIT,2025-12-18,59.65,28.8,74,APPEALED,ORD/4350/2025,,True
DGCA-2025-0161,Vistara,PASSENGER_RIGHTS,2025-12-14,199.82,12.88,23,WAIVED,ORD/1780/2025,,True
DGCA-2025-0162,AirIndia,FDTL_BREACH,2025-12-03,58.59,17.33,40,APPEALED,ORD/8453/2025,,True
DGCA-2025-0163,IndiGo,PASSENGER_RIGHTS,2025-12-05,27.09,25.22,39,PENDING,ORD/2640/2025,,True
DGCA-2025-0164,Vistara,SLOT_VIOLATION,2025-12-15,168.36,21.35,46,APPEALED,ORD/5993/2025,,True
DGCA-2025-0165,IndiGo,PASSENGER_RIGHTS,2025-12-16,56.85,5.12,2,PENDING,ORD/2957/2025,Passenger compensation,False
DGCA-2025-0166,SpiceJet,SAFETY_AUDIT,2025-12-14,102.81,16.92,47,WAIVED,ORD/1432/2025,,True
DGCA-2025-0167,Vistara,OPS_IRREGULARITY,2025-12-20,98.23,10.65,52,APPEALED,ORD/4181/2025,Route violation,False
DGCA-2025-0168,IndiGo,PASSENGER_RIGHTS,2025-12-11,52.79,16.44,45,PAID,ORD/2137/2025,,True
DGCA-2025-0169,IndiGo,SAFETY_AUDIT,2025-12-09,56.85,8.38,43,APPEALED,ORD/9779/2025,Late filing,False
DGCA-2025-0170,IndiGo,SAFETY_AUDIT,2025-12-17,74.29,13.71,89,PENDING,ORD/2649/2025,Crew shortage,False
DGCA-2025-0171,Vistara,FDTL_BREACH,2025-12-18,33.27,8.95,17,PENDING,ORD/2629/2025,,True
DGCA-2025-0172,IndiGo,PASSENGER_RIGHTS,2025-12-19,148.19,23.52,42,WAIVED,ORD/5640/2025,Passenger compensation,False
DGCA-2025-0173,IndiGo,SAFETY_AUDIT,2025-12-20,144.94,7.42,87,PENDING,ORD/8646/2025,Passenger compensation,False
DGCA-2025-0174,Vistara,OPS_IRREGULARITY,2025-12-03,102.89,23.2,66,WAIVED,ORD/2996/2025,Late filing,False
DGCA-2025-0175,IndiGo,OPS_IRREGULARITY,2025-12-18,101.37,27.95,21,WAIVED,ORD/5849/2025,Route violation,False
DGCA-2025-0176,SpiceJet,SLOT_VIOLATION,2025-12-07,188.9,20.75,12,PENDING,ORD/3096/2025,Late filing,False
DGCA-2025-0177,SpiceJet,PASSENGER_RIGHTS,2025-12-04,109.95,11.51,11,PENDING,ORD/7564/2025,Passenger compensation,False
DGCA-2025-0178,IndiGo,SLOT_VIOLATION,2025-12-12,104.32,24.31,50,PAID,ORD/4107/2025,Late filing,False
DGCA-2025-0179,IndiGo,SAFETY_AUDIT,2025-12-01,63.45,25.51,74,APPEALED,ORD/7971/2025,Passenger compensation,False
DGCA-2025-0180,IndiGo,PASSENGER_RIGHTS,2025-12-14,146.93,17.63,29,PENDING,ORD/5243/2025,Late filing,False
DGCA-2025-0181,IndiGo,SLOT_VIOLATION,2025-12-13,15.53,9.27,73,WAIVED,ORD/4685/2025,Crew shortage,False
DGCA-2025-0182,IndiGo,PASSENGER_RIGHTS,2025-12-03,37.28,9.08,48,WAIVED,ORD/6054/2025,,True
DGCA-2025-0183,IndiGo,SLOT_VIOLATION,2025-12-16,137.82,13.54,21,WAIVED,ORD/5139/2025,,True
DGCA-2025-0184,Vistara,PASSENGER_RIGHTS,2025-12-07,78.57,0.74,24,PENDING,ORD/8327/2025,,True
DGCA-2025-0185,SpiceJet,OPS_IRREGULARITY,2025-12-07,164.51,19.84,79,PAID,ORD/8794/2025,Passenger compensation,False
DGCA-2025-0186,IndiGo,SLOT_VIOLATION,2025-12-02,108.59,27.25,12,PENDING,ORD/5627/2025,,True
DGCA-2025-0187,SpiceJet,SLOT_VIOLATION,2025-12-19,137.97,1.72,72,PENDING,ORD/1746/2025,,True
DGCA-2025-0188,IndiGo,SAFETY_AUDIT,2025-12-16,121.9,2.38,23,WAIVED,ORD/3754/2025,,True
DGCA-2025-0189,SpiceJet,PASSENGER_RIGHTS,2025-12-04,31.9,11.35,38,PENDING,ORD/3392/2025,,True
DGCA-2025-0190,AirIndia,SAFETY_AUDIT,2025-12-17,51.19,10.75,23,PAID,ORD/8554/2025,Late filing,False
DGCA-2025-0191,SpiceJet,SAFETY_AUDIT,2025-12-20,32.86,26.58,12,PAID,ORD/4449/2025,,True
DGCA-2025-0192,SpiceJet,SLOT_VIOLATION,2025-12-05,48.65,2.0,55,PENDING,ORD/7083/2025,,True
DGCA-2025-0193,SpiceJet,PASSENGER_RIGHTS,2025-12-14,77.88,21.17,28,APPEALED,ORD/8604/2025,,True
DGCA-2025-0194,IndiGo,FDTL_BREACH,2025-12-18,130.77,27.72,56,PAID,ORD/1444/2025,,True
DGCA-2025-0195,IndiGo,SLOT_VIOLATION,2025-12-12,163.02,12.27,42,APPEALED,ORD/4538/2025,Crew shortage,False
DGCA-2025-0196,SpiceJet,SAFETY_AUDIT,2025-12-11,118.17,15.77,24,WAIVED,ORD/1041/2025,,True
DGCA-2025-0197,SpiceJet,FDTL_BREACH,2025-12-02,133.97,28.03,89,WAIVED,ORD/1881/2025,Late filing,False
DGCA-2025-0198,AirIndia,PASSENGER_RIGHTS,2025-12-07,71.65,16.36,39,APPEALED,ORD/9417/2025,Route violation,False
DGCA-2025-0199,IndiGo,SAFETY_AUDIT,2025-12-15,58.15,1.17,46,WAIVED,ORD/3545/2025,,True
DGCA-2025-0200,IndiGo,PASSENGER_RIGHTS,2025-12-16,135.66,7.54,71,WAIVED,ORD/3910/2025,,True
DGCA-2025-0201,IndiGo,SLOT_VIOLATION,2025-12-09,188.54,4.84,86,APPEALED,ORD/1039/2025,,True
DGCA-2025-0202,IndiGo,PASSENGER_RIGHTS,2025-12-02,125.85,27.79,66,WAIVED,ORD/9237/2025,,True
DGCA-2025-0203,AirIndia,FDTL_BREACH,2025-12-09,37.85,20.39,81,PAID,ORD/2581/2025,Crew shortage,False
DGCA-2025-0204,IndiGo,PASSENGER_RIGHTS,2025-12-02,146.87,14.66,38,PAID,ORD/4878/2025,,True
DGCA-2025-0205,IndiGo,PASSENGER_RIGHTS,2025-12-13,139.73,0.24,73,PAID,ORD/3657/2025,,True
DGCA-2025-0206,IndiGo,FDTL_BREACH,2025-12-11,28.34,20.44,58,APPEALED,ORD/1434/2025,Late filing,False
DGCA-2025-0207,SpiceJet,SLOT_VIOLATION,2025-12-10,61.38,29.35,12,WAIVED,ORD/3072/2025,,True
DGCA-2025-0208,SpiceJet,SLOT_VIOLATION,2025-12-02,116.54,17.24,67,APPEALED,ORD/3113/2025,,True
DGCA-2025-0209,SpiceJet,OPS_IRREGULARITY,2025-12-08,36.8,6.83,22,PENDING,ORD/2263/2025,Passenger compensation,False
DGCA-2025-0210,IndiGo,FDTL_BREACH,2025-12-09,164.94,8.58,64,WAIVED,ORD/6046/2025,,True
DGCA-2025-0211,IndiGo,OPS_IRREGULARITY,2025-12-13,169.23,23.86,67,APPEALED,ORD/1283/2025,,True
DGCA-2025-0212,IndiGo,FDTL_BREACH,2025-12-02,102.1,27.84,81,PENDING,ORD/4256/2025,Passenger compensation,False
DGCA-2025-0213,AirIndia,PASSENGER_RIGHTS,2025-12-03,5.91,18.3,36,APPEALED,ORD/9709/2025,Late filing,False
DGCA-2025-0214,SpiceJet,PASSENGER_RIGHTS,2025-12-12,128.17,11.57,60,APPEALED,ORD/5040/2025,,True
DGCA-2025-0215,IndiGo,SAFETY_AUDIT,2025-12-06,12.25,15.5,17,APPEALED,ORD/3027/2025,Route violation,False
DGCA-2025-0216,Vistara,SAFETY_AUDIT,2025-12-12,83.54,20.82,1,PAID,ORD/9035/2025,,True
DGCA-2025-0217,IndiGo,SAFETY_AUDIT,2025-12-16,130.2,7.08,32,PENDING,ORD/2954/2025,,True
DGCA-2025-0218,Vistara,FDTL_BREACH,2025-12-12,90.13,21.69,41,PENDING,ORD/5002/2025,Late filing,False
DGCA-2025-0219,AirIndia,FDTL_BREACH,2025-12-19,191.21,19.63,49,PENDING,ORD/7112/2025,,True
DGCA-2025-0220,IndiGo,FDTL_BREACH,2025-12-02,176.22,11.02,1,PAID,ORD/1756/2025,Late filing,False
DGCA-2025-0221,SpiceJet,PASSENGER_RIGHTS,2025-12-07,163.45,7.45,24,PAID,ORD/2134/2025,Crew shortage,False
DGCA-2025-0222,IndiGo,SLOT_VIOLATION,2025-12-08,30.59,4.5,33,WAIVED,ORD/1711/2025,,True
DGCA-2025-0223,SpiceJet,OPS_IRREGULARITY,2025-12-01,4.03,8.52,66,PAID,ORD/9176/2025,,True
DGCA-2025-0224,AirIndia,OPS_IRREGULARITY,2025-12-16,168.24,3.53,70,PENDING,ORD/3409/2025,,True
DGCA-2025-0225,Vistara,PASSENGER_RIGHTS,2025-12-12,100.12,24.61,3,WAIVED,ORD/4927/2025,Route violation,False
DGCA-2025-0226,AirIndia,PASSENGER_RIGHTS,2025-12-17,125.3,3.39,49,PENDING,ORD/7681/2025,,True
DGCA-2025-0227,SpiceJet,SLOT_VIOLATION,2025-12-20,34.57,8.94,44,APPEALED,ORD/4321/2025,,True
DGCA-2025-0228,IndiGo,PASSENGER_RIGHTS,2025-12-11,1.95,27.25,53,APPEALED,ORD/5908/2025,Passenger compensation,False
DGCA-2025-0229,Vistara,OPS_IRREGULARITY,2025-12-17,91.25,3.99,76,PAID,ORD/1439/2025,Route violation,False
DGCA-2025-0230,SpiceJet,FDTL_BREACH,2025-12-09,162.39,10.47,24,APPEALED,ORD/1617/2025,Late filing,False
DGCA-2025-0231,Vistara,SLOT_VIOLATION,2025-12-08,188.14,26.72,77,PENDING,ORD/5467/2025,,True
DGCA-2025-0232,IndiGo,OPS_IRREGULARITY,2025-12-14,21.21,6.05,72,APPEALED,ORD/6490/2025,,True
DGCA-2025-0233,IndiGo,SAFETY_AUDIT,2025-12-10,106.04,26.74,84,PENDING,ORD/1447/2025,Route violation,False
DGCA-2025-0234,IndiGo,PASSENGER_RIGHTS,2025-12-08,95.02,3.7,61,WAIVED,ORD/6575/2025,Passenger compensation,False
DGCA-2025-0235,IndiGo,FDTL_BREACH,2025-12-19,1.16,6.5,7,WAIVED,ORD/3215/2025,Passenger compensation,False
DGCA-2025-0236,IndiGo,OPS_IRREGULARITY,2025-12-03,17.09,8.81,60,APPEALED,ORD/7029/2025,Route violation,False
DGCA-2025-0237,IndiGo,PASSENGER_RIGHTS,2025-12-17,77.29,18.06,64,PAID,ORD/1614/2025,,True
DGCA-2025-0238,IndiGo,OPS_IRREGULARITY,2025-12-14,147.8,21.0,35,WAIVED,ORD/6447/2025,Route violation,False
DGCA-2025-0239,AirIndia,SLOT_VIOLATION,2025-12-17,95.07,2.27,79,PENDING,ORD/1114/2025,Passenger compensation,False
DGCA-2025-0240,IndiGo,FDTL_BREACH,2025-12-02,123.79,13.33,8,WAIVED,ORD/1054/2025,Route violation,False
DGCA-2025-0241,IndiGo,PASSENGER_RIGHTS,2025-12-10,93.91,14.97,51,PAID,ORD/5822/2025,,True
DGCA-2025-0242,IndiGo,SAFETY_AUDIT,2025-12-13,70.78,27.88,15,PENDING,ORD/1158/2025,,True
DGCA-2025-0243,IndiGo,FDTL_BREACH,2025-12-17,65.09,14.55,81,PAID,ORD/2025/2025,,True
DGCA-2025-0244,IndiGo,OPS_IRREGULARITY,2025-12-19,179.57,22.37,33,APPEALED,ORD/2657/2025,Route violation,False
DGCA-2025-0245,IndiGo,SAFETY_AUDIT,2025-12-15,170.49,15.6,78,WAIVED,ORD/4096/2025,Route violation,False
DGCA-2025-0246,IndiGo,OPS_IRREGULARITY,2025-12-15,191.88,4.78,82,WAIVED,ORD/6974/2025,Late filing,False
DGCA-2025-0247,AirIndia,PASSENGER_RIGHTS,2025-12-02,66.31,5.8,24,WAIVED,ORD/3736/2025,Passenger compensation,False
DGCA-2025-0248,Vistara,SLOT_VIOLATION,2025-12-02,187.66,19.37,87,PAID,ORD/5487/2025,,True
DGCA-2025-0249,IndiGo,PASSENGER_RIGHTS,2025-12-05,114.24,19.05,28,WAIVED,ORD/2108/2025,Crew shortage,False
DGCA-2025-0250,IndiGo,PASSENGER_RIGHTS,2025-12-17,123.48,13.28,24,WAIVED,ORD/6142/2025,Route violation,False
DGCA-2025-0251,SpiceJet,SAFETY_AUDIT,2025-12-19,97.25,12.95,85,PAID,ORD/7164/2025,Passenger compensation,False
DGCA-2025-0252,IndiGo,FDTL_BREACH,2025-12-17,197.58,17.38,61,WAIVED,ORD/8721/2025,,True
DGCA-2025-0253,AirIndia,OPS_IRREGULARITY,2025-12-11,8.09,27.25,20,WAIVED,ORD/3509/2025,,True
DGCA-2025-0254,IndiGo,SLOT_VIOLATION,2025-12-03,194.49,15.7,7,APPEALED,ORD/3305/2025,,True
DGCA-2025-0255,IndiGo,SAFETY_AUDIT,2025-12-20,33.25,3.99,9,WAIVED,ORD/9510/2025,Late filing,False
DGCA-2025-0256,AirIndia,FDTL_BREACH,2025-12-09,122.23,21.99,1,PAID,ORD/3598/2025,Crew shortage,False
DGCA-2025-0257,IndiGo,FDTL_BREACH,2025-12-01,86.52,23.33,89,WAIVED,ORD/7147/2025,,True
DGCA-2025-0258,AirIndia,PASSENGER_RIGHTS,2025-12-14,43.61,25.84,65,PENDING,ORD/8373/2025,Late filing,False
DGCA-2025-0259,SpiceJet,PASSENGER_RIGHTS,2025-12-14,150.92,17.82,59,PENDING,ORD/6800/2025,,True
DGCA-2025-0260,IndiGo,SAFETY_AUDIT,2025-12-14,88.09,7.44,38,PENDING,ORD/4392/2025,,True
DGCA-2025-0261,IndiGo,OPS_IRREGULARITY,2025-12-05,19.35,13.61,29,APPEALED,ORD/1164/2025,Route violation,False
DGCA-2025-0262,SpiceJet,FDTL_BREACH,2025-12-10,77.29,17.5,45,WAIVED,ORD/9107/2025,Late filing,False
DGCA-2025-0263,IndiGo,SAFETY_AUDIT,2025-12-11,3.9,4.04,36,WAIVED,ORD/6687/2025,,True
DGCA-2025-0264,AirIndia,OPS_IRREGULARITY,2025-12-18,97.71,26.82,79,PAID,ORD/6364/2025,Crew shortage,False
DGCA-2025-0265,SpiceJet,PASSENGER_RIGHTS,2025-12-17,131.13,8.94,1,APPEALED,ORD/2216/2025,Route violation,False
DGCA-2025-0266,Vistara,PASSENGER_RIGHTS,2025-12-09,13.22,14.33,42,WAIVED,ORD/4151/2025,Passenger compensation,False
DGCA-2025-0267,SpiceJet,OPS_IRREGULARITY,2025-12-14,97.52,26.81,14,WAIVED,ORD/5174/2025,Passenger compensation,False
DGCA-2025-0268,IndiGo,SAFETY_AUDIT,2025-12-09,150.63,8.11,90,PAID,ORD/1835/2025,Late filing,False
DGCA-2025-0269,SpiceJet,SLOT_VIOLATION,2025-12-15,182.72,12.69,54,PENDING,ORD/6010/2025,,True
DGCA-2025-0270,Vistara,FDTL_BREACH,2025-12-14,155.22,28.7,81,PENDING,ORD/5746/2025,Late filing,False
DGCA-2025-0271,IndiGo,FDTL_BREACH,2025-12-19,74.88,20.36,23,APPEALED,ORD/8174/2025,,True
DGCA-2025-0272,IndiGo,SLOT_VIOLATION,2025-12-17,132.65,29.54,4,PAID,ORD/5909/2025,Crew shortage,False
DGCA-2025-0273,IndiGo,SLOT_VIOLATION,2025-12-09,164.73,4.99,67,PAID,ORD/7949/2025,,True
DGCA-2025-0274,Vistara,FDTL_BREACH,2025-12-13,126.75,27.57,90,WAIVED,ORD/5977/2025,Passenger compensation,False
DGCA-2025-0275,IndiGo,PASSENGER_RIGHTS,2025-12-18,36.68,12.07,22,APPEALED,ORD/4185/2025,Late filing,False
DGCA-2025-0276,IndiGo,PASSENGER_RIGHTS,2025-12-07,170.82,26.23,77,WAIVED,ORD/3385/2025,Passenger compensation,False
DGCA-2025-0277,IndiGo,SLOT_VIOLATION,2025-12-05,29.29,27.55,31,PENDING,ORD/4475/2025,Passenger compensation,False
DGCA-2025-0278,IndiGo,SAFETY_AUDIT,2025-12-20,25.73,27.68,87,APPEALED,ORD/8524/2025,Late filing,False
DGCA-2025-0279,Vistara,SLOT_VIOLATION,2025-12-18,122.03,10.18,69,WAIVED,ORD/7697/2025,,True
DGCA-2025-0280,SpiceJet,FDTL_BREACH,2025-12-12,188.03,12.49,47,APPEALED,ORD/7172/2025,Late filing,False
DGCA-2025-0281,SpiceJet,PASSENGER_RIGHTS,2025-12-07,194.6,1.45,37,PAID,ORD/4717/2025,,True
DGCA-2025-0282,IndiGo,FDTL_BREACH,2025-12-16,55.61,17.88,61,WAIVED,ORD/6172/2025,,True
DGCA-2025-0283,IndiGo,FDTL_BREACH,2025-12-12,63.2,11.85,8,PENDING,ORD/5260/2025,Passenger compensation,False
DGCA-2025-0284,IndiGo,PASSENGER_RIGHTS,2025-12-11,146.95,4.23,80,APPEALED,ORD/9687/2025,Passenger compensation,False
DGCA-2025-0285,IndiGo,PASSENGER_RIGHTS,2025-12-12,13.62,2.05,85,APPEALED,ORD/4721/2025,Late filing,False
DGCA-2025-0286,IndiGo,FDTL_BREACH,2025-12-05,166.32,2.11,47,PENDING,ORD/7030/2025,Passenger compensation,False
DGCA-2025-0287,IndiGo,PASSENGER_RIGHTS,2025-12-12,113.87,25.76,66,PAID,ORD/2654/2025,Passenger compensation,False
DGCA-2025-0288,Vistara,PASSENGER_RIGHTS,2025-12-04,8.01,5.21,76,APPEALED,ORD/6066/2025,Crew shortage,False
DGCA-2025-0289,Vistara,FDTL_BREACH,2025-12-14,3.51,19.96,9,PENDING,ORD/3992/2025,,True
DGCA-2025-0290,IndiGo,OPS_IRREGULARITY,2025-12-18,13.16,5.72,41,APPEALED,ORD/9664/2025,,True
DGCA-2025-0291,IndiGo,SLOT_VIOLATION,2025-12-02,100.74,13.35,90,PAID,ORD/9864/2025,,True
DGCA-2025-0292,AirIndia,SLOT_VIOLATION,2025-12-01,96.83,28.63,2,PAID,ORD/9283/2025,,True
DGCA-2025-0293,IndiGo,FDTL_BREACH,2025-12-03,102.38,14.98,43,APPEALED,ORD/3644/2025,Crew shortage,False
DGCA-2025-0294,IndiGo,OPS_IRREGULARITY,2025-12-18,20.71,26.73,13,WAIVED,ORD/1598/2025,Route violation,False
DGCA-2025-0295,SpiceJet,FDTL_BREACH,2025-12-15,124.25,13.7,89,APPEALED,ORD/9205/2025,Route violation,False
DGCA-2025-0296,SpiceJet,SAFETY_AUDIT,2025-12-03,0.54,24.99,69,PAID,ORD/3007/2025,Route violation,False
DGCA-2025-0297,Vistara,SLOT_VIOLATION,2025-12-16,54.2,6.61,53,APPEALED,ORD/3004/2025,Route violation,False
DGCA-2025-0298,IndiGo,FDTL_BREACH,2025-12-05,141.39,3.83,38,WAIVED,ORD/9782/2025,,True
DGCA-2025-0299,AirIndia,OPS_IRREGULARITY,2025-12-12,34.68,2.88,27,WAIVED,ORD/8944/2025,Route violation,False
DGCA-2025-0300,IndiGo,FDTL_BREACH,2025-12-13,191.5,27.84,75,WAIVED,ORD/8749/2025,Crew shortage,False
DGCA-2025-0301,IndiGo,FDTL_BREACH,2025-12-15,68.71,21.46,89,PAID,ORD/5362/2025,Late filing,False
DGCA-2025-0302,IndiGo,SAFETY_AUDIT,2025-12-15,133.32,20.32,69,PAID,ORD/3151/2025,,True
DGCA-2025-0303,IndiGo,PASSENGER_RIGHTS,2025-12-12,150.94,12.97,73,PAID,ORD/4153/2025,Route violation,False
DGCA-2025-0304,IndiGo,SLOT_VIOLATION,2025-12-11,6.18,9.59,13,APPEALED,ORD/6242/2025,,True
DGCA-2025-0305,IndiGo,OPS_IRREGULARITY,2025-12-14,156.47,11.23,18,PENDING,ORD/3036/2025,Passenger compensation,False
DGCA-2025-0306,SpiceJet,PASSENGER_RIGHTS,2025-12-18,117.49,7.98,50,WAIVED,ORD/3039/2025,Late filing,False
DGCA-2025-0307,Vistara,SAFETY_AUDIT,2025-12-15,122.94,21.9,56,PENDING,ORD/1886/2025,,True
DGCA-2025-0308,IndiGo,OPS_IRREGULARITY,2025-12-15,77.86,12.26,39,PAID,ORD/2575/2025,,True
DGCA-2025-0309,IndiGo,PASSENGER_RIGHTS,2025-12-18,133.86,17.78,42,APPEALED,ORD/8554/2025,,True
DGCA-2025-0310,SpiceJet,SAFETY_AUDIT,2025-12-05,40.37,10.94,43,WAIVED,ORD/2137/2025,Late filing,False
DGCA-2025-0311,Vistara,FDTL_BREACH,2025-12-13,164.49,18.17,79,PENDING,ORD/5650/2025,Passenger compensation,False
DGCA-2025-0312,IndiGo,FDTL_BREACH,2025-12-10,106.8,26.73,2,PAID,ORD/4205/2025,,True
DGCA-2025-0313,IndiGo,PASSENGER_RIGHTS,2025-12-03,111.76,23.12,51,WAIVED,ORD/9138/2025,,True
DGCA-2025-0314,AirIndia,OPS_IRREGULARITY,2025-12-20,73.9,4.77,48,PAID,ORD/6890/2025,,True
DGCA-2025-0315,IndiGo,PASSENGER_RIGHTS,2025-12-17,141.8,23.01,16,PENDING,ORD/1327/2025,Crew shortage,False
DGCA-2025-0316,IndiGo,SAFETY_AUDIT,2025-12-09,70.2,11.31,34,PAID,ORD/9306/2025,,True
DGCA-2025-0317,IndiGo,FDTL_BREACH,2025-12-08,83.2,19.81,60,WAIVED,ORD/3659/2025,Passenger compensation,False
DGCA-2025-0318,AirIndia,FDTL_BREACH,2025-12-05,152.47,16.83,42,WAIVED,ORD/9151/2025,Route violation,False
DGCA-2025-0319,IndiGo,PASSENGER_RIGHTS,2025-12-02,123.13,6.2,89,PAID,ORD/1881/2025,,True
DGCA-2025-0320,SpiceJet,FDTL_BREACH,2025-12-09,136.72,25.35,63,WAIVED,ORD/7319/2025,,True
DGCA-2025-0321,AirIndia,SAFETY_AUDIT,2025-12-15,23.79,2.24,34,APPEALED,ORD/5313/2025,Crew shortage,False
DGCA-2025-0322,IndiGo,SLOT_VIOLATION,2025-12-13,73.29,12.79,6,PENDING,ORD/9879/2025,Crew shortage,False
DGCA-2025-0323,IndiGo,SLOT_VIOLATION,2025-12-12,4.7,5.41,54,PENDING,ORD/5325/2025,Route violation,False
DGCA-2025-0324,IndiGo,SAFETY_AUDIT,2025-12-14,152.18,10.89,13,WAIVED,ORD/4473/2025,,True
DGCA-2025-0325,AirIndia,SAFETY_AUDIT,2025-12-12,158.43,23.5,59,PENDING,ORD/6849/2025,,True
DGCA-2025-0326,SpiceJet,SAFETY_AUDIT,2025-12-08,165.21,2.67,14,APPEALED,ORD/4430/2025,,True
DGCA-2025-0327,IndiGo,FDTL_BREACH,2025-12-12,124.31,28.89,4,WAIVED,ORD/5978/2025,Late filing,False
DGCA-2025-0328,IndiGo,FDTL_BREACH,2025-12-17,48.47,6.29,28,WAIVED,ORD/3290/2025,,True
DGCA-2025-0329,Vistara,FDTL_BREACH,2025-12-06,171.4,25.52,7,PENDING,ORD/7214/2025,Late filing,False
DGCA-2025-0330,SpiceJet,PASSENGER_RIGHTS,2025-12-15,84.61,28.67,9,PENDING,ORD/7852/2025,Passenger compensation,False
DGCA-2025-0331,IndiGo,SAFETY_AUDIT,2025-12-12,168.97,24.76,20,APPEALED,ORD/2580/2025,Late filing,False
DGCA-2025-0332,SpiceJet,SAFETY_AUDIT,2025-12-14,5.21,25.88,12,APPEALED,ORD/8746/2025,,True
DGCA-2025-0333,IndiGo,SAFETY_AUDIT,2025-12-13,173.69,12.8,14,APPEALED,ORD/6090/2025,,True
DGCA-2025-0334,AirIndia,SAFETY_AUDIT,2025-12-08,148.05,11.86,67,PAID,ORD/4173/2025,Passenger compensation,False
DGCA-2025-0335,IndiGo,FDTL_BREACH,2025-12-01,187.21,9.19,87,APPEALED,ORD/2560/2025,,True
DGCA-2025-0336,AirIndia,PASSENGER_RIGHTS,2025-12-12,112.82,4.82,63,WAIVED,ORD/6441/2025,Late filing,False
DGCA-2025-0337,IndiGo,SLOT_VIOLATION,2025-12-05,35.96,12.29,54,PENDING,ORD/4365/2025,Passenger compensation,False
DGCA-2025-0338,IndiGo,SLOT_VIOLATION,2025-12-09,184.44,29.17,37,PAID,ORD/7327/2025,,True
DGCA-2025-0339,SpiceJet,SAFETY_AUDIT,2025-12-20,107.05,10.52,45,PAID,ORD/2849/2025,Crew shortage,False
DGCA-2025-0340,IndiGo,SAFETY_AUDIT,2025-12-03,115.47,0.31,1,WAIVED,ORD/9016/2025,Passenger compensation,False
DGCA-2025-0341,AirIndia,FDTL_BREACH,2025-12-13,53.01,1.34,4,PAID,ORD/3226/2025,Late filing,False
DGCA-2025-0342,IndiGo,FDTL_BREACH,2025-12-09,180.0,28.16,70,PAID,ORD/6395/2025,,True
DGCA-2025-0343,IndiGo,SAFETY_AUDIT,2025-12-04,180.72,22.39,31,PAID,ORD/9117/2025,Late filing,False
DGCA-2025-0344,IndiGo,SAFETY_AUDIT,2025-12-16,21.16,14.07,17,APPEALED,ORD/3925/2025,Passenger compensation,False
DGCA-2025-0345,SpiceJet,SLOT_VIOLATION,2025-12-10,148.03,11.69,90,PAID,ORD/8276/2025,,True
DGCA-2025-0346,SpiceJet,PASSENGER_RIGHTS,2025-12-10,35.35,18.13,27,PENDING,ORD/6979/2025,,True
DGCA-2025-0347,IndiGo,FDTL_BREACH,2025-12-17,19.35,2.96,47,PENDING,ORD/4366/2025,,True
DGCA-2025-0348,SpiceJet,SAFETY_AUDIT,2025-12-07,193.92,27.74,22,APPEALED,ORD/1493/2025,,True
DGCA-2025-0349,Vistara,OPS_IRREGULARITY,2025-12-12,164.95,18.02,27,APPEALED,ORD/4018/2025,Route violation,False
DGCA-2025-0350,IndiGo,SAFETY_AUDIT,2025-12-03,127.12,4.26,59,PAID,ORD/1734/2025,Route violation,False
DGCA-2025-0351,IndiGo,SLOT_VIOLATION,2025-12-15,28.55,26.67,16,WAIVED,ORD/9340/2025,,True
DGCA-2025-0352,IndiGo,PASSENGER_RIGHTS,2025-12-02,7.17,8.28,59,PAID,ORD/1032/2025,Passenger compensation,False
DGCA-2025-0353,IndiGo,PASSENGER_RIGHTS,2025-12-15,145.36,7.65,29,APPEALED,ORD/7443/2025,Passenger compensation,False
DGCA-2025-0354,SpiceJet,SLOT_VIOLATION,2025-12-19,35.12,13.46,68,WAIVED,ORD/7632/2025,,True
DGCA-2025-0355,SpiceJet,OPS_IRREGULARITY,2025-12-01,107.58,6.07,65,PENDING,ORD/1607/2025,Late filing,False
DGCA-2025-0356,IndiGo,SLOT_VIOLATION,2025-12-07,101.04,21.77,34,APPEALED,ORD/7529/2025,Late filing,False
DGCA-2025-0357,IndiGo,SAFETY_AUDIT,2025-12-08,26.96,7.43,43,PAID,ORD/1724/2025,Crew shortage,False
DGCA-2025-0358,AirIndia,PASSENGER_RIGHTS,2025-12-08,85.54,0.18,30,WAIVED,ORD/2836/2025,,True
DGCA-2025-0359,IndiGo,OPS_IRREGULARITY,2025-12-15,107.86,0.74,12,PAID,ORD/1141/2025,Crew shortage,False
DGCA-2025-0360,IndiGo,OPS_IRREGULARITY,2025-12-07,48.22,21.92,62,PAID,ORD/1231/2025,Passenger compensation,False
DGCA-2025-0361,SpiceJet,PASSENGER_RIGHTS,2025-12-09,81.58,27.65,66,PAID,ORD/7138/2025,Crew shortage,False
DGCA-2025-0362,IndiGo,OPS_IRREGULARITY,2025-12-04,56.77,18.02,45,WAIVED,ORD/6187/2025,Route violation,False
DGCA-2025-0363,Vistara,FDTL_BREACH,2025-12-02,2.42,16.75,36,PENDING,ORD/6551/2025,Passenger compensation,False
DGCA-2025-0364,SpiceJet,FDTL_BREACH,2025-12-20,96.64,6.28,79,PENDING,ORD/6874/2025,Passenger compensation,False
DGCA-2025-0365,IndiGo,FDTL_BREACH,2025-12-10,24.06,29.89,2,WAIVED,ORD/7014/2025,Late filing,False
DGCA-2025-0366,IndiGo,OPS_IRREGULARITY,2025-12-15,28.16,15.76,83,WAIVED,ORD/5115/2025,,True
DGCA-2025-0367,IndiGo,SLOT_VIOLATION,2025-12-05,177.37,24.09,82,WAIVED,ORD/4719/2025,,True
DGCA-2025-0368,SpiceJet,SAFETY_AUDIT,2025-12-01,34.76,28.03,56,APPEALED,ORD/5622/2025,Late filing,False
DGCA-2025-0369,IndiGo,SLOT_VIOLATION,2025-12-06,44.05,23.17,18,WAIVED,ORD/5097/2025,,True
DGCA-2025-0370,IndiGo,OPS_IRREGULARITY,2025-12-08,95.75,7.89,36,PAID,ORD/5356/2025,,True
DGCA-2025-0371,AirIndia,FDTL_BREACH,2025-12-09,28.37,28.21,73,PAID,ORD/5396/2025,Late filing,False
DGCA-2025-0372,IndiGo,OPS_IRREGULARITY,2025-12-16,32.65,17.82,12,PENDING,ORD/7791/2025,,True
DGCA-2025-0373,IndiGo,PASSENGER_RIGHTS,2025-12-14,118.2,5.83,17,PENDING,ORD/2298/2025,Passenger compensation,False
DGCA-2025-0374,IndiGo,FDTL_BREACH,2025-12-12,55.29,1.22,68,WAIVED,ORD/2402/2025,Crew shortage,False
DGCA-2025-0375,AirIndia,SAFETY_AUDIT,2025-12-01,18.44,5.94,15,APPEALED,ORD/4562/2025,Route violation,False
DGCA-2025-0376,IndiGo,PASSENGER_RIGHTS,2025-12-04,46.61,29.41,59,WAIVED,ORD/9803/2025,,True
DGCA-2025-0377,IndiGo,OPS_IRREGULARITY,2025-12-11,111.07,5.91,65,WAIVED,ORD/3099/2025,Passenger compensation,False
DGCA-2025-0378,IndiGo,SLOT_VIOLATION,2025-12-01,169.79,20.96,67,PAID,ORD/8650/2025,Late filing,False
DGCA-2025-0379,IndiGo,FDTL_BREACH,2025-12-11,94.7,22.88,33,PAID,ORD/3123/2025,,True
DGCA-2025-0380,AirIndia,SLOT_VIOLATION,2025-12-09,43.47,9.09,88,APPEALED,ORD/4297/2025,Route violation,False
DGCA-2025-0381,Vistara,SAFETY_AUDIT,2025-12-12,71.02,5.18,34,PENDING,ORD/8250/2025,Crew shortage,False
DGCA-2025-0382,SpiceJet,FDTL_BREACH,2025-12-02,16.7,19.16,11,PAID,ORD/7054/2025,Crew shortage,False
DGCA-2025-0383,IndiGo,FDTL_BREACH,2025-12-04,51.07,23.25,17,WAIVED,ORD/2690/2025,,True
DGCA-2025-0384,IndiGo,OPS_IRREGULARITY,2025-12-12,152.71,1.28,70,APPEALED,ORD/5861/2025,,True
DGCA-2025-0385,IndiGo,FDTL_BREACH,2025-12-12,94.88,23.37,82,APPEALED,ORD/8408/2025,Route violation,False
DGCA-2025-0386,IndiGo,PASSENGER_RIGHTS,2025-12-14,33.96,11.73,14,PAID,ORD/6602/2025,,True
DGCA-2025-0387,AirIndia,OPS_IRREGULARITY,2025-12-10,115.85,5.18,3,PAID,ORD/3180/2025,,True
DGCA-2025-0388,IndiGo,SLOT_VIOLATION,2025-12-10,10.53,0.1,48,APPEALED,ORD/3489/2025,Crew shortage,False
DGCA-2025-0389,IndiGo,PASSENGER_RIGHTS,2025-12-10,152.47,12.93,32,APPEALED,ORD/1605/2025,Late filing,False
DGCA-2025-0390,IndiGo,SAFETY_AUDIT,2025-12-08,83.41,24.05,51,PENDING,ORD/6495/2025,,True
DGCA-2025-0391,IndiGo,SAFETY_AUDIT,2025-12-01,24.31,21.0,35,APPEALED,ORD/7017/2025,,True
DGCA-2025-0392,IndiGo,PASSENGER_RIGHTS,2025-12-03,41.8,17.87,52,PENDING,ORD/6224/2025,,True
DGCA-2025-0393,SpiceJet,SAFETY_AUDIT,2025-12-19,184.07,15.68,41,PENDING,ORD/3444/2025,Crew shortage,False
DGCA-2025-0394,SpiceJet,SAFETY_AUDIT,2025-12-11,122.47,6.1,71,PENDING,ORD/2498/2025,Crew shortage,False
DGCA-2025-0395,IndiGo,SLOT_VIOLATION,2025-12-13,44.96,6.42,60,WAIVED,ORD/8782/2025,Passenger compensation,False
DGCA-2025-0396,IndiGo,SLOT_VIOLATION,2025-12-10,104.96,9.3,55,WAIVED,ORD/4385/2025,,True
DGCA-2025-0397,SpiceJet,PASSENGER_RIGHTS,2025-12-12,1.03,5.21,83,APPEALED,ORD/9180/2025,,True
DGCA-2025-0398,IndiGo,FDTL_BREACH,2025-12-20,171.98,25.2,19,PAID,ORD/6370/2025,,True
DGCA-2025-0399,IndiGo,OPS_IRREGULARITY,2025-12-03,50.15,27.23,41,PENDING,ORD/1551/2025,,True
DGCA-2025-0400,IndiGo,FDTL_BREACH,2025-12-05,193.64,28.65,29,APPEALED,ORD/9200/2025,Passenger compensation,False
DGCA-2025-0401,SpiceJet,SAFETY_AUDIT,2025-12-04,68.24,9.23,85,PENDING,ORD/5552/2025,Passenger compensation,False
DGCA-2025-0402,IndiGo,OPS_IRREGULARITY,2025-12-02,157.03,14.47,11,WAIVED,ORD/8604/2025,Passenger compensation,False
DGCA-2025-0403,IndiGo,SLOT_VIOLATION,2025-12-14,5.13,5.21,17,WAIVED,ORD/4804/2025,Passenger compensation,False
DGCA-2025-0404,IndiGo,FDTL_BREACH,2025-12-12,197.87,20.91,21,WAIVED,ORD/1666/2025,Route violation,False
DGCA-2025-0405,SpiceJet,SAFETY_AUDIT,2025-12-18,62.92,11.49,1,WAIVED,ORD/9066/2025,Late filing,False
DGCA-2025-0406,IndiGo,SAFETY_AUDIT,2025-12-03,82.48,8.11,47,WAIVED,ORD/7067/2025,Route violation,False
DGCA-2025-0407,AirIndia,SLOT_VIOLATION,2025-12-13,69.49,6.44,79,APPEALED,ORD/2670/2025,Route violation,False
DGCA-2025-0408,AirIndia,PASSENGER_RIGHTS,2025-12-11,43.79,15.23,55,PENDING,ORD/9849/2025,Crew shortage,False
DGCA-2025-0409,IndiGo,OPS_IRREGULARITY,2025-12-04,110.24,24.75,27,PAID,ORD/6289/2025,Passenger compensation,False
DGCA-2025-0410,SpiceJet,SAFETY_AUDIT,2025-12-13,34.99,5.5,65,WAIVED,ORD/8707/2025,Crew shortage,False
DGCA-2025-0411,AirIndia,SAFETY_AUDIT,2025-12-12,117.69,26.62,56,WAIVED,ORD/1007/2025,,True
DGCA-2025-0412,SpiceJet,OPS_IRREGULARITY,2025-12-19,94.05,0.42,52,WAIVED,ORD/1728/2025,Crew shortage,False
DGCA-2025-0413,SpiceJet,SAFETY_AUDIT,2025-12-14,15.54,16.45,58,APPEALED,ORD/9077/2025,Route violation,False
DGCA-2025-0414,SpiceJet,OPS_IRREGULARITY,2025-12-14,55.23,7.79,29,PENDING,ORD/8683/2025,Late filing,False
DGCA-2025-0415,IndiGo,PASSENGER_RIGHTS,2025-12-13,9.73,1.63,23,PAID,ORD/9835/2025,Crew shortage,False
DGCA-2025-0416,SpiceJet,SAFETY_AUDIT,2025-12-10,84.71,7.87,87,PENDING,ORD/6747/2025,,True
DGCA-2025-0417,IndiGo,OPS_IRREGULARITY,2025-12-05,156.32,2.33,2,PAID,ORD/6323/2025,,True
DGCA-2025-0418,Vistara,PASSENGER_RIGHTS,2025-12-05,25.88,0.2,18,WAIVED,ORD/9615/2025,Late filing,False
DGCA-2025-0419,SpiceJet,SAFETY_AUDIT,2025-12-06,158.96,19.89,57,WAIVED,ORD/7534/2025,Passenger compensation,False
DGCA-2025-0420,IndiGo,FDTL_BREACH,2025-12-09,194.06,2.88,63,WAIVED,ORD/4423/2025,,True
DGCA-2025-0421,SpiceJet,PASSENGER_RIGHTS,2025-12-03,166.55,27.3,78,APPEALED,ORD/6843/2025,,True
DGCA-2025-0422,Vistara,SAFETY_AUDIT,2025-12-03,185.51,5.44,82,APPEALED,ORD/6987/2025,,True
DGCA-2025-0423,IndiGo,SLOT_VIOLATION,2025-12-07,152.46,18.77,69,PAID,ORD/9568/2025,,True
DGCA-2025-0424,SpiceJet,SLOT_VIOLATION,2025-12-15,116.14,14.76,34,PENDING,ORD/4100/2025,,True
DGCA-2025-0425,IndiGo,PASSENGER_RIGHTS,2025-12-12,191.22,19.41,14,PENDING,ORD/8566/2025,,True
DGCA-2025-0426,Vistara,OPS_IRREGULARITY,2025-12-12,122.58,5.45,65,WAIVED,ORD/2921/2025,Crew shortage,False
DGCA-2025-0427,AirIndia,PASSENGER_RIGHTS,2025-12-09,13.48,24.77,12,APPEALED,ORD/5552/2025,Route violation,False
DGCA-2025-0428,SpiceJet,SAFETY_AUDIT,2025-12-15,101.46,28.61,76,PENDING,ORD/2019/2025,Passenger compensation,False
DGCA-2025-0429,IndiGo,SLOT_VIOLATION,2025-12-03,27.07,7.98,28,WAIVED,ORD/1574/2025,Late filing,False
DGCA-2025-0430,AirIndia,PASSENGER_RIGHTS,2025-12-16,68.31,1.28,7,WAIVED,ORD/3703/2025,,True
DGCA-2025-0431,IndiGo,SAFETY_AUDIT,2025-12-13,57.85,5.35,7,APPEALED,ORD/6016/2025,Route violation,False
DGCA-2025-0432,Vistara,FDTL_BREACH,2025-12-04,101.89,5.57,57,PENDING,ORD/8512/2025,Passenger compensation,False
DGCA-2025-0433,IndiGo,SAFETY_AUDIT,2025-12-12,83.33,29.06,58,PAID,ORD/6460/2025,Crew shortage,False
DGCA-2025-0434,IndiGo,SAFETY_AUDIT,2025-12-12,89.15,12.91,60,PENDING,ORD/3454/2025,,True
DGCA-2025-0435,AirIndia,FDTL_BREACH,2025-12-16,177.45,1.19,3,APPEALED,ORD/9652/2025,Route violation,False
DGCA-2025-0436,AirIndia,PASSENGER_RIGHTS,2025-12-08,101.18,21.08,44,WAIVED,ORD/8638/2025,Crew shortage,False
DGCA-2025-0437,IndiGo,OPS_IRREGULARITY,2025-12-19,163.62,20.79,73,PAID,ORD/5920/2025,,True
DGCA-2025-0438,IndiGo,PASSENGER_RIGHTS,2025-12-19,151.76,20.47,21,WAIVED,ORD/7304/2025,,True
DGCA-2025-0439,SpiceJet,SAFETY_AUDIT,2025-12-14,24.6,0.36,12,WAIVED,ORD/2664/2025,Crew shortage,False
DGCA-2025-0440,IndiGo,SAFETY_AUDIT,2025-12-16,161.47,16.77,51,WAIVED,ORD/2466/2025,Route violation,False
DGCA-2025-0441,IndiGo,OPS_IRREGULARITY,2025-12-05,41.67,22.29,46,PENDING,ORD/6518/2025,,True
DGCA-2025-0442,SpiceJet,OPS_IRREGULARITY,2025-12-12,162.19,2.18,49,APPEALED,ORD/3642/2025,Crew shortage,False
DGCA-2025-0443,IndiGo,PASSENGER_RIGHTS,2025-12-01,48.49,11.61,90,APPEALED,ORD/1636/2025,Late filing,False
DGCA-2025-0444,IndiGo,OPS_IRREGULARITY,2025-12-17,165.61,4.98,69,APPEALED,ORD/6518/2025,Late filing,False
DGCA-2025-0445,IndiGo,SAFETY_AUDIT,2025-12-09,62.46,24.48,39,APPEALED,ORD/4827/2025,Late filing,False
DGCA-2025-0446,SpiceJet,SLOT_VIOLATION,2025-12-02,73.96,25.55,60,PAID,ORD/9280/2025,,True
DGCA-2025-0447,IndiGo,OPS_IRREGULARITY,2025-12-02,190.87,0.79,34,APPEALED,ORD/1362/2025,Passenger compensation,False
DGCA-2025-0448,IndiGo,OPS_IRREGULARITY,2025-12-09,122.24,17.24,53,PAID,ORD/7603/2025,Crew shortage,False
DGCA-2025-0449,IndiGo,FDTL_BREACH,2025-12-07,131.43,0.93,56,PAID,ORD/1132/2025,Route violation,False
DGCA-2025-0450,IndiGo,PASSENGER_RIGHTS,2025-12-09,39.5,11.72,36,PAID,ORD/4073/2025,,True
DGCA-2025-0451,AirIndia,FDTL_BREACH,2025-12-05,43.41,24.47,22,APPEALED,ORD/6078/2025,,True
DGCA-2025-0452,IndiGo,FDTL_BREACH,2025-12-19,154.04,22.32,48,WAIVED,ORD/5393/2025,Crew shortage,False
DGCA-2025-0453,IndiGo,OPS_IRREGULARITY,2025-12-18,13.27,2.3,61,WAIVED,ORD/8250/2025,,True
DGCA-2025-0454,AirIndia,PASSENGER_RIGHTS,2025-12-02,184.08,23.86,81,WAIVED,ORD/8459/2025,Route violation,False
DGCA-2025-0455,IndiGo,SLOT_VIOLATION,2025-12-14,155.45,3.54,10,PENDING,ORD/5117/2025,Passenger compensation,False
DGCA-2025-0456,IndiGo,FDTL_BREACH,2025-12-05,179.09,19.18,30,WAIVED,ORD/2070/2025,,True
DGCA-2025-0457,SpiceJet,SAFETY_AUDIT,2025-12-18,8.31,23.22,3,PAID,ORD/6047/2025,Crew shortage,False
DGCA-2025-0458,IndiGo,FDTL_BREACH,2025-12-18,75.5,7.5,43,PAID,ORD/1078/2025,Crew shortage,False
DGCA-2025-0459,AirIndia,SLOT_VIOLATION,2025-12-05,4.02,7.29,30,PENDING,ORD/4121/2025,Late filing,False
DGCA-2025-0460,IndiGo,PASSENGER_RIGHTS,2025-12-09,166.49,26.96,14,WAIVED,ORD/2904/2025,,True
DGCA-2025-0461,AirIndia,OPS_IRREGULARITY,2025-12-04,91.35,28.63,53,PENDING,ORD/1151/2025,Crew shortage,False
DGCA-2025-0462,IndiGo,OPS_IRREGULARITY,2025-12-20,6.96,5.27,66,PAID,ORD/6407/2025,,True
DGCA-2025-0463,IndiGo,OPS_IRREGULARITY,2025-12-03,174.69,2.88,55,PAID,ORD/8356/2025,,True
DGCA-2025-0464,IndiGo,SAFETY_AUDIT,2025-12-18,30.25,21.22,64,PENDING,ORD/5693/2025,Crew shortage,False
DGCA-2025-0465,IndiGo,OPS_IRREGULARITY,2025-12-12,35.23,4.13,73,PENDING,ORD/5245/2025,Passenger compensation,False
DGCA-2025-0466,AirIndia,OPS_IRREGULARITY,2025-12-04,69.54,29.57,2,PAID,ORD/9296/2025,Route violation,False
DGCA-2025-0467,AirIndia,SAFETY_AUDIT,2025-12-10,162.17,2.38,87,PAID,ORD/7937/2025,,True
DGCA-2025-0468,IndiGo,SAFETY_AUDIT,2025-12-12,189.76,5.6,72,APPEALED,ORD/9939/2025,Route violation,False
DGCA-2025-0469,Vistara,FDTL_BREACH,2025-12-11,55.85,26.79,69,PAID,ORD/5938/2025,Late filing,False
DGCA-2025-0470,IndiGo,PASSENGER_RIGHTS,2025-12-17,18.37,27.87,14,APPEALED,ORD/6055/2025,,True
DGCA-2025-0471,IndiGo,FDTL_BREACH,2025-12-05,14.58,11.41,8,PENDING,ORD/4618/2025,,True
DGCA-2025-0472,AirIndia,OPS_IRREGULARITY,2025-12-08,12.01,25.77,20,WAIVED,ORD/6598/2025,,True
DGCA-2025-0473,IndiGo,SLOT_VIOLATION,2025-12-19,78.29,20.32,55,APPEALED,ORD/4288/2025,,True
DGCA-2025-0474,IndiGo,FDTL_BREACH,2025-12-16,126.13,10.15,2,PAID,ORD/2723/2025,Late filing,False
DGCA-2025-0475,Vistara,OPS_IRREGULARITY,2025-12-18,10.93,0.89,42,PAID,ORD/5710/2025,Route violation,False
DGCA-2025-0476,IndiGo,FDTL_BREACH,2025-12-01,134.3,2.15,50,APPEALED,ORD/7291/2025,Route violation,False
DGCA-2025-0477,SpiceJet,PASSENGER_RIGHTS,2025-12-04,155.39,6.03,44,PENDING,ORD/5942/2025,Passenger compensation,False
DGCA-2025-0478,IndiGo,FDTL_BREACH,2025-12-14,60.09,0.86,3,WAIVED,ORD/8849/2025,,True
DGCA-2025-0479,IndiGo,PASSENGER_RIGHTS,2025-12-01,26.29,5.84,10,APPEALED,ORD/7470/2025,,True
DGCA-2025-0480,AirIndia,OPS_IRREGULARITY,2025-12-07,60.52,25.69,34,WAIVED,ORD/6064/2025,,True
DGCA-2025-0481,SpiceJet,PASSENGER_RIGHTS,2025-12-02,74.66,10.1,17,APPEALED,ORD/4054/2025,Passenger compensation,False
DGCA-2025-0482,IndiGo,PASSENGER_RIGHTS,2025-12-04,55.84,28.97,80,WAIVED,ORD/5885/2025,Route violation,False
DGCA-2025-0483,IndiGo,SAFETY_AUDIT,2025-12-18,138.88,25.68,52,PENDING,ORD/6698/2025,Crew shortage,False
DGCA-2025-0484,IndiGo,OPS_IRREGULARITY,2025-12-06,93.63,7.45,80,WAIVED,ORD/5099/2025,,True
DGCA-2025-0485,AirIndia,SLOT_VIOLATION,2025-12-06,68.7,27.28,15,PENDING,ORD/1514/2025,Crew shortage,False
DGCA-2025-0486,IndiGo,PASSENGER_RIGHTS,2025-12-02,69.46,23.32,57,PAID,ORD/3694/2025,Late filing,False
DGCA-2025-0487,IndiGo,SLOT_VIOLATION,2025-12-16,86.74,29.91,63,WAIVED,ORD/3177/2025,,True
DGCA-2025-0488,IndiGo,FDTL_BREACH,2025-12-16,34.51,29.78,52,PENDING,ORD/9955/2025,Crew shortage,False
DGCA-2025-0489,IndiGo,SLOT_VIOLATION,2025-12-05,14.41,21.43,74,PENDING,ORD/8891/2025,Passenger compensation,False
DGCA-2025-0490,IndiGo,FDTL_BREACH,2025-12-18,166.99,11.54,23,PAID,ORD/2366/2025,Crew shortage,False
DGCA-2025-0491,IndiGo,SAFETY_AUDIT,2025-12-14,85.43,7.82,79,PENDING,ORD/3534/2025,Route violation,False
DGCA-2025-0492,SpiceJet,SAFETY_AUDIT,2025-12-20,23.44,27.52,73,WAIVED,ORD/9076/2025,Passenger compensation,False
DGCA-2025-0493,SpiceJet,PASSENGER_RIGHTS,2025-12-10,116.66,10.22,77,PAID,ORD/2640/2025,,True
DGCA-2025-0494,IndiGo,SLOT_VIOLATION,2025-12-17,117.17,22.46,33,PENDING,ORD/6440/2025,,True
DGCA-2025-0495,IndiGo,SLOT_VIOLATION,2025-12-08,139.18,0.27,76,PAID,ORD/8384/2025,Passenger compensation,False
DGCA-2025-0496,IndiGo,OPS_IRREGULARITY,2025-12-13,195.38,13.13,90,PENDING,ORD/8584/2025,,True
DGCA-2025-0497,AirIndia,SAFETY_AUDIT,2025-12-04,42.14,7.04,69,PAID,ORD/6129/2025,Crew shortage,False
DGCA-2025-0498,IndiGo,SAFETY_AUDIT,2025-12-07,50.89,1.09,6,PENDING,ORD/1976/2025,Crew shortage,False
DGCA-2025-0499,IndiGo,FDTL_BREACH,2025-12-10,112.51,16.06,40,PAID,ORD/2833/2025,Route violation,False
DGCA-2025-0500,AirIndia,PASSENGER_RIGHTS,2025-12-10,64.87,15.6,35,WAIVED,ORD/1899/2025,Late filing,False
